Time                ,Current(A)  ,TargetCurrent(A),Voltage(V)  ,PressureRaw(kg),PressureFiltered(kg),F0(kg)      ,DeltaF      ,PI_P(mA)    ,PI_I(mA)    ,RopeLength(m) ,EncoderValue  ,EncoderAngle(deg),MotorSpeed(rpm),MotorLinearVel(m/s) ,MotorTheoryVel(m/s) ,MotorPosition(m),RopeVelocityRaw(m/s),RopeVelocityFiltered(m/s)
10:08:39.507589     ,0.000       ,0.000       ,0.000       ,20.950      ,20.950      ,20.930      ,0.019       ,0.000       ,0.000       ,0.00000       ,411           ,36.123          ,0.000         ,0.000               ,0.000               ,0.000           ,0.00000           ,0.00000               
10:08:39.527575     ,0.000       ,0.000       ,0.000       ,20.930      ,20.929      ,20.934      ,-0.005      ,0.000       ,0.000       ,0.00000       ,411           ,36.123          ,0.000         ,0.000               ,0.000               ,0.000           ,0.00000           ,0.00000               
10:08:39.547583     ,0.000       ,0.000       ,0.000       ,20.930      ,20.930      ,20.933      ,-0.003      ,0.000       ,0.000       ,0.00000       ,411           ,36.123          ,0.000         ,0.000               ,0.000               ,0.000           ,0.00000           ,0.00000               
10:08:39.567585     ,0.000       ,0.000       ,0.000       ,20.920      ,20.921      ,20.931      ,-0.010      ,0.000       ,0.000       ,0.00000       ,411           ,36.123          ,0.000         ,0.000               ,0.000               ,0.000           ,0.00000           ,0.00000               
10:08:39.587585     ,0.000       ,0.000       ,0.000       ,20.930      ,20.930      ,20.930      ,0.000       ,0.000       ,0.000       ,0.00000       ,411           ,36.123          ,0.000         ,0.000               ,0.000               ,0.000           ,0.00000           ,0.00000               
10:08:39.607583     ,0.000       ,0.000       ,0.000       ,20.930      ,20.929      ,20.930      ,-0.001      ,0.000       ,0.000       ,0.00000       ,411           ,36.123          ,0.000         ,0.000               ,0.000               ,0.000           ,0.00000           ,0.00000               
10:08:39.627586     ,0.000       ,0.000       ,0.000       ,20.930      ,20.929      ,20.930      ,-0.000      ,0.000       ,0.000       ,0.00000       ,411           ,36.123          ,0.000         ,0.000               ,0.000               ,0.000           ,0.00000           ,0.00000               
10:08:39.647583     ,0.000       ,0.000       ,0.000       ,20.920      ,20.921      ,20.929      ,-0.009      ,0.000       ,0.000       ,0.00000       ,411           ,36.123          ,0.000         ,0.000               ,0.000               ,0.000           ,0.00000           ,0.00000               
10:08:39.667574     ,0.000       ,0.000       ,0.000       ,20.930      ,20.931      ,20.929      ,0.002       ,0.000       ,0.000       ,0.00000       ,411           ,36.123          ,0.000         ,0.000               ,0.000               ,0.000           ,0.00000           ,0.00000               
10:08:39.687571     ,0.000       ,0.000       ,0.000       ,20.920      ,20.920      ,20.929      ,-0.009      ,0.000       ,0.000       ,0.00000       ,411           ,36.123          ,0.000         ,0.000               ,0.000               ,0.000           ,0.00000           ,0.00000               
10:08:39.707571     ,0.000       ,0.000       ,0.000       ,20.950      ,20.949      ,20.929      ,0.020       ,0.000       ,0.000       ,0.00000       ,411           ,36.123          ,0.000         ,0.000               ,0.000               ,0.000           ,0.00000           ,0.00000               
10:08:39.727572     ,0.000       ,0.000       ,0.000       ,20.920      ,20.920      ,20.930      ,-0.010      ,0.000       ,0.000       ,0.00000       ,411           ,36.123          ,0.000         ,0.000               ,0.000               ,0.000           ,0.00000           ,0.00000               
10:08:39.747606     ,0.000       ,0.000       ,0.000       ,20.920      ,20.921      ,20.929      ,-0.008      ,0.000       ,0.000       ,0.00000       ,411           ,36.123          ,0.000         ,0.000               ,0.000               ,0.000           ,0.00000           ,0.00000               
10:08:39.767576     ,0.000       ,0.000       ,0.000       ,20.930      ,20.930      ,20.929      ,0.002       ,0.000       ,0.000       ,0.00000       ,411           ,36.123          ,0.000         ,0.000               ,0.000               ,0.000           ,0.00000           ,0.00000               
10:08:39.787595     ,0.000       ,0.000       ,0.000       ,20.920      ,20.919      ,20.928      ,-0.009      ,0.000       ,0.000       ,0.00000       ,411           ,36.123          ,0.000         ,0.000               ,0.000               ,0.000           ,0.00000           ,0.00000               
10:08:39.807574     ,0.000       ,0.000       ,0.000       ,20.930      ,20.929      ,20.928      ,0.001       ,0.000       ,0.000       ,0.00000       ,411           ,36.123          ,0.000         ,0.000               ,0.000               ,0.000           ,0.00000           ,0.00000               
10:08:39.827586     ,0.000       ,0.000       ,0.000       ,20.920      ,20.921      ,20.928      ,-0.007      ,0.000       ,0.000       ,0.00000       ,411           ,36.123          ,0.000         ,0.000               ,0.000               ,0.000           ,0.00000           ,0.00000               
10:08:39.847594     ,0.000       ,0.000       ,0.000       ,20.920      ,20.921      ,20.928      ,-0.007      ,0.000       ,0.000       ,0.00000       ,411           ,36.123          ,0.000         ,0.000               ,0.000               ,0.000           ,0.00000           ,0.00000               
10:08:39.867585     ,0.000       ,0.000       ,0.000       ,20.930      ,20.930      ,20.927      ,0.002       ,0.000       ,0.000       ,0.00000       ,411           ,36.123          ,0.000         ,0.000               ,0.000               ,0.000           ,0.00000           ,0.00000               
10:08:39.887596     ,0.000       ,0.000       ,0.000       ,20.930      ,20.929      ,20.928      ,0.001       ,0.000       ,0.000       ,0.00000       ,411           ,36.123          ,0.000         ,0.000               ,0.000               ,0.000           ,0.00000           ,0.00000               
10:08:39.907573     ,0.000       ,0.000       ,0.000       ,20.920      ,20.920      ,20.927      ,-0.007      ,0.000       ,0.000       ,0.00000       ,411           ,36.123          ,0.000         ,0.000               ,0.000               ,0.000           ,0.00000           ,0.00000               
10:08:39.927576     ,0.000       ,0.000       ,0.000       ,20.930      ,20.931      ,20.927      ,0.004       ,0.000       ,0.000       ,0.00000       ,411           ,36.123          ,0.000         ,0.000               ,0.000               ,0.000           ,0.00000           ,0.00000               
10:08:39.947591     ,0.000       ,0.000       ,0.000       ,20.930      ,20.930      ,20.927      ,0.003       ,0.000       ,0.000       ,0.00000       ,411           ,36.123          ,0.000         ,0.000               ,0.000               ,0.000           ,0.00000           ,0.00000               
10:08:39.967615     ,0.000       ,0.000       ,0.000       ,20.930      ,20.929      ,20.928      ,0.001       ,0.000       ,0.000       ,0.00000       ,411           ,36.123          ,0.000         ,0.000               ,0.000               ,0.000           ,0.00000           ,0.00000               
10:08:39.987592     ,0.000       ,0.000       ,0.000       ,20.930      ,20.929      ,20.928      ,0.002       ,0.000       ,0.000       ,0.00000       ,411           ,36.123          ,0.000         ,0.000               ,0.000               ,0.000           ,0.00000           ,0.00000               
10:08:40.007573     ,0.000       ,0.000       ,0.000       ,20.930      ,20.931      ,20.928      ,0.003       ,0.000       ,0.000       ,0.00000       ,411           ,36.123          ,0.000         ,0.000               ,0.000               ,0.000           ,0.00000           ,0.00000               
10:08:40.027600     ,0.000       ,0.000       ,0.000       ,20.930      ,20.931      ,20.928      ,0.003       ,0.000       ,0.000       ,0.00000       ,411           ,36.123          ,0.000         ,0.000               ,0.000               ,0.000           ,0.00000           ,0.00000               
10:08:40.047574     ,0.000       ,0.000       ,0.000       ,20.920      ,20.920      ,20.928      ,-0.008      ,0.000       ,0.000       ,0.00000       ,411           ,36.123          ,0.000         ,0.000               ,0.000               ,0.000           ,0.00000           ,0.00000               
10:08:40.067599     ,0.000       ,0.000       ,0.000       ,20.930      ,20.929      ,20.928      ,0.001       ,0.000       ,0.000       ,0.00000       ,411           ,36.123          ,0.000         ,0.000               ,0.000               ,0.000           ,0.00000           ,0.00000               
10:08:40.087591     ,0.000       ,0.000       ,0.000       ,20.950      ,20.950      ,20.928      ,0.022       ,0.000       ,0.000       ,0.00000       ,411           ,36.123          ,0.000         ,0.000               ,0.000               ,0.000           ,0.00000           ,0.00000               
10:08:40.107591     ,0.000       ,0.000       ,0.000       ,20.930      ,20.931      ,20.928      ,0.003       ,0.000       ,0.000       ,0.00000       ,411           ,36.123          ,0.000         ,0.000               ,0.000               ,0.000           ,0.00000           ,0.00000               
10:08:40.127592     ,0.000       ,0.000       ,0.000       ,20.920      ,20.921      ,20.928      ,-0.007      ,0.000       ,0.000       ,0.00000       ,411           ,36.123          ,0.000         ,0.000               ,0.000               ,0.000           ,0.00000           ,0.00000               
10:08:40.147594     ,0.000       ,0.000       ,0.000       ,20.920      ,20.919      ,20.928      ,-0.008      ,0.000       ,0.000       ,0.00000       ,411           ,36.123          ,0.000         ,0.000               ,0.000               ,0.000           ,0.00000           ,0.00000               
10:08:40.167592     ,0.000       ,0.000       ,0.000       ,20.930      ,20.929      ,20.928      ,0.001       ,0.000       ,0.000       ,0.00000       ,411           ,36.123          ,0.000         ,0.000               ,0.000               ,0.000           ,0.00000           ,0.00000               
10:08:40.187591     ,0.000       ,0.000       ,0.000       ,20.950      ,20.950      ,20.928      ,0.022       ,0.000       ,0.000       ,0.00000       ,411           ,36.123          ,0.000         ,0.000               ,0.000               ,0.000           ,0.00000           ,0.00000               
10:08:40.207592     ,0.000       ,0.000       ,0.000       ,20.930      ,20.931      ,20.928      ,0.003       ,0.000       ,0.000       ,0.00000       ,411           ,36.123          ,0.000         ,0.000               ,0.000               ,0.000           ,0.00000           ,0.00000               
10:08:40.227593     ,0.000       ,0.000       ,0.000       ,20.920      ,20.921      ,20.928      ,-0.007      ,0.000       ,0.000       ,0.00000       ,411           ,36.123          ,0.000         ,0.000               ,0.000               ,0.000           ,0.00000           ,0.00000               
10:08:40.247591     ,0.000       ,0.000       ,0.000       ,20.930      ,20.929      ,20.928      ,0.002       ,0.000       ,0.000       ,0.00000       ,411           ,36.123          ,0.000         ,0.000               ,0.000               ,0.000           ,0.00000           ,0.00000               
10:08:40.267590     ,0.000       ,0.000       ,0.000       ,20.920      ,20.919      ,20.928      ,-0.008      ,0.000       ,0.000       ,0.00000       ,411           ,36.123          ,0.000         ,0.000               ,0.000               ,0.000           ,0.00000           ,0.00000               
10:08:40.287577     ,0.000       ,0.000       ,0.000       ,20.920      ,20.921      ,20.928      ,-0.007      ,0.000       ,0.000       ,0.00000       ,411           ,36.123          ,0.000         ,0.000               ,0.000               ,0.000           ,0.00000           ,0.00000               
10:08:40.307582     ,0.000       ,0.000       ,0.000       ,20.920      ,20.921      ,20.928      ,-0.007      ,0.000       ,0.000       ,0.00000       ,411           ,36.123          ,0.000         ,0.000               ,0.000               ,0.000           ,0.00000           ,0.00000               
10:08:40.365277     ,0.000       ,0.000       ,0.000       ,20.930      ,20.930      ,20.928      ,0.002       ,0.000       ,0.000       ,0.00000       ,411           ,36.123          ,0.000         ,0.000               ,0.000               ,0.000           ,0.00000           ,0.00000               
10:08:40.395612     ,0.000       ,0.000       ,0.000       ,20.930      ,20.931      ,20.928      ,0.003       ,0.000       ,0.000       ,0.00000       ,411           ,36.123          ,0.000         ,0.000               ,0.000               ,0.000           ,0.00000           ,0.00000               
10:08:40.415624     ,0.000       ,0.000       ,0.000       ,20.930      ,20.931      ,20.928      ,0.003       ,0.000       ,0.000       ,0.00000       ,411           ,36.123          ,0.000         ,0.000               ,0.000               ,0.000           ,0.00000           ,0.00000               
10:08:40.435586     ,0.000       ,0.000       ,0.000       ,20.930      ,20.929      ,20.928      ,0.002       ,0.000       ,0.000       ,0.00000       ,411           ,36.123          ,0.000         ,0.000               ,0.000               ,0.000           ,0.00000           ,0.00000               
10:08:40.455514     ,0.000       ,0.000       ,0.000       ,20.920      ,20.919      ,20.928      ,-0.009      ,0.000       ,0.000       ,0.00008       ,412           ,36.211          ,0.000         ,0.000               ,0.000               ,0.000           ,0.00000           ,0.00000               
10:08:40.475478     ,0.000       ,0.000       ,0.000       ,23.730      ,23.716      ,20.928      ,2.789       ,0.000       ,0.000       ,0.00054       ,418           ,36.738          ,0.000         ,0.000               ,0.000               ,0.000           ,0.00000           ,0.00000               
10:08:40.495475     ,0.000       ,0.000       ,0.000       ,23.890      ,23.871      ,20.928      ,2.943       ,0.000       ,0.000       ,0.00107       ,425           ,37.354          ,0.000         ,0.000               ,0.000               ,0.000           ,0.00000           ,0.00000               
10:08:40.515664     ,0.000       ,0.000       ,0.000       ,22.310      ,22.323      ,20.928      ,1.396       ,0.000       ,0.000       ,0.00169       ,433           ,38.057          ,0.000         ,0.000               ,0.000               ,0.000           ,0.00000           ,0.00000               
10:08:40.535553     ,0.000       ,0.000       ,0.000       ,20.310      ,20.352      ,20.928      ,-0.576      ,0.000       ,0.000       ,0.00222       ,440           ,38.672          ,0.000         ,0.000               ,0.000               ,0.000           ,0.00000           ,0.00000               
10:08:40.555556     ,0.000       ,0.000       ,0.000       ,19.330      ,19.347      ,20.928      ,-1.581      ,0.000       ,0.000       ,0.00276       ,447           ,39.287          ,0.000         ,0.000               ,0.000               ,0.000           ,0.00000           ,0.00000               
10:08:40.575478     ,0.000       ,0.000       ,0.000       ,21.510      ,21.469      ,20.928      ,0.542       ,0.000       ,0.000       ,0.00314       ,452           ,39.727          ,0.000         ,0.000               ,0.000               ,0.000           ,0.00000           ,0.00000               
10:08:40.595475     ,0.000       ,0.000       ,0.000       ,22.660      ,22.611      ,20.928      ,1.684       ,0.000       ,0.000       ,0.00330       ,454           ,39.902          ,0.000         ,0.000               ,0.000               ,0.000           ,0.00000           ,0.00000               
10:08:40.615438     ,0.000       ,0.000       ,0.000       ,22.660      ,22.611      ,20.928      ,1.684       ,0.000       ,0.000       ,0.00345       ,456           ,40.078          ,0.000         ,0.000               ,0.000               ,0.000           ,0.00000           ,0.00000               
10:08:40.635553     ,0.000       ,0.000       ,0.000       ,20.320      ,20.348      ,20.928      ,-0.579      ,0.000       ,0.000       ,0.00345       ,456           ,40.078          ,0.000         ,0.000               ,0.000               ,0.000           ,0.00000           ,0.00000               
10:08:40.655552     ,0.000       ,0.000       ,0.000       ,20.530      ,20.599      ,20.928      ,-0.328      ,0.000       ,0.000       ,0.00345       ,456           ,40.078          ,0.000         ,0.000               ,0.000               ,0.000           ,0.00000           ,0.00000               
10:08:40.675514     ,0.000       ,0.000       ,0.000       ,22.390      ,22.378      ,20.928      ,1.450       ,0.000       ,0.000       ,0.00337       ,455           ,39.990          ,0.000         ,0.000               ,0.000               ,0.000           ,0.00000           ,0.00000               
10:08:40.695476     ,0.000       ,0.000       ,0.000       ,22.160      ,22.079      ,20.928      ,1.151       ,0.000       ,0.000       ,0.00322       ,453           ,39.814          ,0.000         ,0.000               ,0.000               ,0.000           ,0.00000           ,0.00000               
10:08:40.715613     ,0.000       ,0.000       ,0.000       ,20.210      ,20.203      ,20.928      ,-0.725      ,0.000       ,0.000       ,0.00314       ,452           ,39.727          ,0.000         ,0.000               ,0.000               ,0.000           ,0.00000           ,0.00000               
10:08:40.735445     ,0.000       ,0.000       ,0.000       ,20.480      ,20.566      ,20.928      ,-0.361      ,0.000       ,0.000       ,0.00299       ,450           ,39.551          ,0.000         ,0.000               ,0.000               ,0.000           ,0.00000           ,0.00000               
10:08:40.755558     ,0.000       ,0.000       ,0.000       ,21.180      ,21.215      ,20.928      ,0.287       ,0.000       ,0.000       ,0.00276       ,447           ,39.287          ,0.000         ,0.000               ,0.000               ,0.000           ,0.00000           ,0.00000               
10:08:40.775515     ,0.000       ,0.000       ,0.000       ,21.850      ,21.771      ,20.928      ,0.843       ,0.000       ,0.000       ,0.00253       ,444           ,39.023          ,0.000         ,0.000               ,0.000               ,0.000           ,0.00000           ,0.00000               
10:08:40.795478     ,0.000       ,0.000       ,0.000       ,20.790      ,20.728      ,20.928      ,-0.199      ,0.000       ,0.000       ,0.00230       ,441           ,38.760          ,0.000         ,0.000               ,0.000               ,0.000           ,0.00000           ,0.00000               
10:08:40.815607     ,0.000       ,0.000       ,0.000       ,19.680      ,19.746      ,20.928      ,-1.181      ,0.000       ,0.000       ,0.00207       ,438           ,38.496          ,0.000         ,0.000               ,0.000               ,0.000           ,0.00000           ,0.00000               
10:08:40.835628     ,0.000       ,0.000       ,0.000       ,20.780      ,20.866      ,20.928      ,-0.062      ,0.000       ,0.000       ,0.00176       ,434           ,38.145          ,0.000         ,0.000               ,0.000               ,0.000           ,0.00000           ,0.00000               
10:08:40.855568     ,0.000       ,0.000       ,0.000       ,21.460      ,21.418      ,20.928      ,0.490       ,0.000       ,0.000       ,0.00153       ,431           ,37.881          ,0.000         ,0.000               ,0.000               ,0.000           ,0.00000           ,0.00000               
10:08:40.875518     ,0.000       ,0.000       ,0.000       ,21.210      ,21.107      ,20.928      ,0.179       ,0.000       ,0.000       ,0.00123       ,427           ,37.529          ,0.000         ,0.000               ,0.000               ,0.000           ,0.00000           ,0.00000               
10:08:40.895479     ,0.000       ,0.000       ,0.000       ,20.250      ,20.260      ,20.928      ,-0.668      ,0.000       ,0.000       ,0.00100       ,424           ,37.266          ,0.000         ,0.000               ,0.000               ,0.000           ,0.00000           ,0.00000               
10:08:40.915655     ,0.000       ,0.000       ,0.000       ,20.080      ,20.191      ,20.928      ,-0.736      ,0.000       ,0.000       ,0.00084       ,422           ,37.090          ,0.000         ,0.000               ,0.000               ,0.000           ,0.00000           ,0.00000               
10:08:40.935662     ,0.000       ,0.000       ,0.000       ,21.400      ,21.426      ,20.928      ,0.499       ,0.000       ,0.000       ,0.00061       ,419           ,36.826          ,0.000         ,0.000               ,0.000               ,0.000           ,0.00000           ,0.00000               
10:08:40.955556     ,0.000       ,0.000       ,0.000       ,21.420      ,21.313      ,20.928      ,0.385       ,0.000       ,0.000       ,0.00046       ,417           ,36.650          ,0.000         ,0.000               ,0.000               ,0.000           ,0.00000           ,0.00000               
10:08:40.975512     ,0.000       ,0.000       ,0.000       ,20.660      ,20.598      ,20.928      ,-0.330      ,0.000       ,0.000       ,0.00038       ,416           ,36.562          ,0.000         ,0.000               ,0.000               ,0.000           ,0.00000           ,0.00000               
10:08:40.995480     ,0.000       ,0.000       ,0.000       ,20.150      ,20.239      ,20.928      ,-0.688      ,0.000       ,0.000       ,0.00031       ,415           ,36.475          ,0.000         ,0.000               ,0.000               ,0.000           ,0.00000           ,0.00000               
10:08:41.015488     ,0.000       ,0.000       ,0.000       ,20.780      ,20.874      ,20.928      ,-0.053      ,0.000       ,0.000       ,0.00031       ,415           ,36.475          ,0.000         ,0.000               ,0.000               ,0.000           ,0.00000           ,0.00000               
10:08:41.035631     ,0.000       ,0.000       ,0.000       ,21.570      ,21.510      ,20.928      ,0.582       ,0.000       ,0.000       ,0.00031       ,415           ,36.475          ,0.000         ,0.000               ,0.000               ,0.000           ,0.00000           ,0.00000               
10:08:41.055558     ,0.000       ,0.000       ,0.000       ,21.010      ,20.893      ,20.928      ,-0.035      ,0.000       ,0.000       ,0.00031       ,415           ,36.475          ,0.000         ,0.000               ,0.000               ,0.000           ,0.00000           ,0.00000               
10:08:41.075559     ,0.000       ,0.000       ,0.000       ,20.430      ,20.452      ,20.928      ,-0.476      ,0.000       ,0.000       ,0.00031       ,415           ,36.475          ,0.000         ,0.000               ,0.000               ,0.000           ,0.00000           ,0.00000               
10:08:41.095513     ,0.000       ,0.000       ,0.000       ,20.620      ,20.746      ,20.928      ,-0.182      ,0.000       ,0.000       ,0.00031       ,415           ,36.475          ,0.000         ,0.000               ,0.000               ,0.000           ,0.00000           ,0.00000               
10:08:41.115486     ,0.000       ,0.000       ,0.000       ,21.220      ,21.242      ,20.928      ,0.314       ,0.000       ,0.000       ,0.00031       ,415           ,36.475          ,0.000         ,0.000               ,0.000               ,0.000           ,0.00000           ,0.00000               
10:08:41.135665     ,0.000       ,0.000       ,0.000       ,21.380      ,21.260      ,20.928      ,0.332       ,0.000       ,0.000       ,0.00031       ,415           ,36.475          ,0.000         ,0.000               ,0.000               ,0.000           ,0.00000           ,0.00000               
10:08:41.155654     ,0.000       ,0.000       ,0.000       ,20.650      ,20.587      ,20.928      ,-0.341      ,0.000       ,0.000       ,0.00031       ,415           ,36.475          ,0.000         ,0.000               ,0.000               ,0.000           ,0.00000           ,0.00000               
10:08:41.175559     ,0.000       ,0.000       ,0.000       ,20.690      ,20.789      ,20.928      ,-0.139      ,0.000       ,0.000       ,0.00031       ,415           ,36.475          ,0.000         ,0.000               ,0.000               ,0.000           ,0.00000           ,0.00000               
10:08:41.195512     ,0.000       ,0.000       ,0.000       ,21.100      ,21.197      ,20.928      ,0.270       ,0.000       ,0.000       ,0.00031       ,415           ,36.475          ,0.000         ,0.000               ,0.000               ,0.000           ,0.00000           ,0.00000               
10:08:41.215486     ,0.000       ,0.000       ,0.000       ,21.390      ,21.325      ,20.928      ,0.397       ,0.000       ,0.000       ,0.00038       ,416           ,36.562          ,0.000         ,0.000               ,0.000               ,0.000           ,0.00000           ,0.00000               
10:08:41.235435     ,0.000       ,0.000       ,0.000       ,21.080      ,20.959      ,20.928      ,0.032       ,0.000       ,0.000       ,0.00038       ,416           ,36.562          ,0.000         ,0.000               ,0.000               ,0.000           ,0.00000           ,0.00000               
10:08:41.255615     ,0.000       ,0.000       ,0.000       ,20.650      ,20.673      ,20.928      ,-0.254      ,0.000       ,0.000       ,0.00038       ,416           ,36.562          ,0.000         ,0.000               ,0.000               ,0.000           ,0.00000           ,0.00000               
10:08:41.275566     ,0.000       ,0.000       ,0.000       ,20.860      ,20.989      ,20.928      ,0.062       ,0.000       ,0.000       ,0.00038       ,416           ,36.562          ,0.000         ,0.000               ,0.000               ,0.000           ,0.00000           ,0.00000               
10:08:41.295540     ,0.000       ,0.000       ,0.000       ,21.080      ,21.103      ,20.928      ,0.175       ,0.000       ,0.000       ,0.00038       ,416           ,36.562          ,0.000         ,0.000               ,0.000               ,0.000           ,0.00000           ,0.00000               
10:08:41.315489     ,0.000       ,0.000       ,0.000       ,20.860      ,20.741      ,20.928      ,-0.187      ,0.000       ,0.000       ,0.00038       ,416           ,36.562          ,0.000         ,0.000               ,0.000               ,0.000           ,0.00000           ,0.00000               
10:08:41.335496     ,0.000       ,0.000       ,0.000       ,20.560      ,20.495      ,20.928      ,-0.432      ,0.000       ,0.000       ,0.00038       ,416           ,36.562          ,0.000         ,0.000               ,0.000               ,0.000           ,0.00000           ,0.00000               
10:08:41.355658     ,0.000       ,0.000       ,0.000       ,20.560      ,20.655      ,20.928      ,-0.272      ,0.000       ,0.000       ,0.00038       ,416           ,36.562          ,0.000         ,0.000               ,0.000               ,0.000           ,0.00000           ,0.00000               
10:08:41.375631     ,0.000       ,0.000       ,0.000       ,21.040      ,21.137      ,20.928      ,0.210       ,0.000       ,0.000       ,0.00038       ,416           ,36.562          ,0.000         ,0.000               ,0.000               ,0.000           ,0.00000           ,0.00000               
10:08:41.395580     ,0.000       ,0.000       ,0.000       ,21.100      ,21.039      ,20.928      ,0.111       ,0.000       ,0.000       ,0.00038       ,416           ,36.562          ,0.000         ,0.000               ,0.000               ,0.000           ,0.00000           ,0.00000               
10:08:41.415532     ,0.000       ,0.000       ,0.000       ,20.870      ,20.752      ,20.928      ,-0.176      ,0.000       ,0.000       ,0.00038       ,416           ,36.562          ,0.000         ,0.000               ,0.000               ,0.000           ,0.00000           ,0.00000               
10:08:41.435486     ,0.000       ,0.000       ,0.000       ,20.850      ,20.868      ,20.928      ,-0.060      ,0.000       ,0.000       ,0.00038       ,416           ,36.562          ,0.000         ,0.000               ,0.000               ,0.000           ,0.00000           ,0.00000               
10:08:41.455654     ,0.000       ,0.000       ,0.000       ,21.020      ,21.143      ,20.928      ,0.215       ,0.000       ,0.000       ,0.00038       ,416           ,36.562          ,0.000         ,0.000               ,0.000               ,0.000           ,0.00000           ,0.00000               
10:08:41.475566     ,0.000       ,0.000       ,0.000       ,21.210      ,21.237      ,20.928      ,0.309       ,0.000       ,0.000       ,0.00038       ,416           ,36.562          ,0.000         ,0.000               ,0.000               ,0.000           ,0.00000           ,0.00000               
10:08:41.495607     ,0.000       ,0.000       ,0.000       ,21.030      ,20.918      ,20.928      ,-0.009      ,0.000       ,0.000       ,0.00038       ,416           ,36.562          ,0.000         ,0.000               ,0.000               ,0.000           ,0.00000           ,0.00000               
10:08:41.515523     ,0.000       ,0.000       ,0.000       ,20.870      ,20.804      ,20.928      ,-0.124      ,0.000       ,0.000       ,0.00038       ,416           ,36.562          ,0.000         ,0.000               ,0.000               ,0.000           ,0.00000           ,0.00000               
10:08:41.535504     ,0.000       ,0.000       ,0.000       ,21.030      ,21.116      ,20.928      ,0.188       ,0.000       ,0.000       ,0.00046       ,417           ,36.650          ,0.000         ,0.000               ,0.000               ,0.000           ,0.00000           ,0.00000               
10:08:41.555612     ,0.000       ,0.000       ,0.000       ,21.150      ,21.246      ,20.928      ,0.319       ,0.000       ,0.000       ,0.00046       ,417           ,36.650          ,0.000         ,0.000               ,0.000               ,0.000           ,0.00000           ,0.00000               
10:08:41.575671     ,0.000       ,0.000       ,0.000       ,21.060      ,21.011      ,20.928      ,0.083       ,0.000       ,0.000       ,0.00046       ,417           ,36.650          ,0.000         ,0.000               ,0.000               ,0.000           ,0.00000           ,0.00000               
10:08:41.595565     ,0.000       ,0.000       ,0.000       ,20.780      ,20.668      ,20.928      ,-0.259      ,0.000       ,0.000       ,0.00046       ,417           ,36.650          ,0.000         ,0.000               ,0.000               ,0.000           ,0.00000           ,0.00000               
10:08:41.615525     ,0.000       ,0.000       ,0.000       ,20.790      ,20.798      ,20.928      ,-0.129      ,0.000       ,0.000       ,0.00046       ,417           ,36.650          ,0.000         ,0.000               ,0.000               ,0.000           ,0.00000           ,0.00000               
10:08:41.635487     ,0.000       ,0.000       ,0.000       ,20.970      ,21.083      ,20.928      ,0.155       ,0.000       ,0.000       ,0.00046       ,417           ,36.650          ,0.000         ,0.000               ,0.000               ,0.000           ,0.00000           ,0.00000               
10:08:41.655610     ,0.000       ,0.000       ,0.000       ,21.020      ,21.053      ,20.928      ,0.125       ,0.000       ,0.000       ,0.00046       ,417           ,36.650          ,0.000         ,0.000               ,0.000               ,0.000           ,0.00000           ,0.00000               
10:08:41.675449     ,0.000       ,0.000       ,0.000       ,20.900      ,20.801      ,20.928      ,-0.127      ,0.000       ,0.000       ,0.00046       ,417           ,36.650          ,0.000         ,0.000               ,0.000               ,0.000           ,0.00000           ,0.00000               
10:08:41.695629     ,0.000       ,0.000       ,0.000       ,20.900      ,20.831      ,20.928      ,-0.096      ,0.000       ,0.000       ,0.00046       ,417           ,36.650          ,0.000         ,0.000               ,0.000               ,0.000           ,0.00000           ,0.00000               
10:08:41.715526     ,0.000       ,0.000       ,0.000       ,20.970      ,21.042      ,20.928      ,0.115       ,0.000       ,0.000       ,0.00046       ,417           ,36.650          ,0.000         ,0.000               ,0.000               ,0.000           ,0.00000           ,0.00000               
10:08:41.735488     ,0.000       ,0.000       ,0.000       ,21.010      ,21.104      ,20.928      ,0.177       ,0.000       ,0.000       ,0.00046       ,417           ,36.650          ,0.000         ,0.000               ,0.000               ,0.000           ,0.00000           ,0.00000               
10:08:41.755487     ,0.000       ,0.000       ,0.000       ,20.850      ,20.814      ,20.928      ,-0.113      ,0.000       ,0.000       ,0.00038       ,416           ,36.562          ,0.000         ,0.000               ,0.000               ,0.000           ,0.00000           ,0.00000               
10:08:41.775448     ,0.000       ,0.000       ,0.000       ,20.690      ,20.585      ,20.928      ,-0.343      ,0.000       ,0.000       ,0.00038       ,416           ,36.562          ,0.000         ,0.000               ,0.000               ,0.000           ,0.00000           ,0.00000               
10:08:41.795568     ,0.000       ,0.000       ,0.000       ,20.750      ,20.747      ,20.928      ,-0.181      ,0.000       ,0.000       ,0.00038       ,416           ,36.562          ,0.000         ,0.000               ,0.000               ,0.000           ,0.00000           ,0.00000               
10:08:41.815573     ,0.000       ,0.000       ,0.000       ,20.860      ,20.962      ,20.928      ,0.034       ,0.000       ,0.000       ,0.00038       ,416           ,36.562          ,0.000         ,0.000               ,0.000               ,0.000           ,0.00000           ,0.00000               
10:08:41.835554     ,0.000       ,0.000       ,0.000       ,20.860      ,20.901      ,20.928      ,-0.027      ,0.000       ,0.000       ,0.00038       ,416           ,36.562          ,0.000         ,0.000               ,0.000               ,0.000           ,0.00000           ,0.00000               
10:08:41.855496     ,0.000       ,0.000       ,0.000       ,20.870      ,20.784      ,20.928      ,-0.143      ,0.000       ,0.000       ,0.00038       ,416           ,36.562          ,0.000         ,0.000               ,0.000               ,0.000           ,0.00000           ,0.00000               
10:08:41.875459     ,0.000       ,0.000       ,0.000       ,20.960      ,20.887      ,20.928      ,-0.041      ,0.000       ,0.000       ,0.00038       ,416           ,36.562          ,0.000         ,0.000               ,0.000               ,0.000           ,0.00000           ,0.00000               
10:08:41.895567     ,0.000       ,0.000       ,0.000       ,21.070      ,21.127      ,20.928      ,0.199       ,0.000       ,0.000       ,0.00038       ,416           ,36.562          ,0.000         ,0.000               ,0.000               ,0.000           ,0.00000           ,0.00000               
10:08:41.915581     ,0.000       ,0.000       ,0.000       ,21.120      ,21.213      ,20.928      ,0.285       ,0.000       ,0.000       ,0.00038       ,416           ,36.562          ,0.000         ,0.000               ,0.000               ,0.000           ,0.00000           ,0.00000               
10:08:41.935522     ,0.000       ,0.000       ,0.000       ,21.030      ,21.008      ,20.928      ,0.081       ,0.000       ,0.000       ,0.00038       ,416           ,36.562          ,0.000         ,0.000               ,0.000               ,0.000           ,0.00000           ,0.00000               
10:08:41.955490     ,0.000       ,0.000       ,0.000       ,20.970      ,20.871      ,20.928      ,-0.057      ,0.000       ,0.000       ,0.00038       ,416           ,36.562          ,0.000         ,0.000               ,0.000               ,0.000           ,0.00000           ,0.00000               
10:08:41.975679     ,0.000       ,0.000       ,0.000       ,21.030      ,21.014      ,20.928      ,0.087       ,0.000       ,0.000       ,0.00038       ,416           ,36.562          ,0.000         ,0.000               ,0.000               ,0.000           ,0.00000           ,0.00000               
10:08:41.995445     ,0.000       ,0.000       ,0.000       ,21.130      ,21.221      ,20.928      ,0.294       ,0.000       ,0.000       ,0.00038       ,416           ,36.562          ,0.000         ,0.000               ,0.000               ,0.000           ,0.00000           ,0.00000               
10:08:42.015573     ,0.000       ,0.000       ,0.000       ,21.120      ,21.169      ,20.928      ,0.241       ,0.000       ,0.000       ,0.00038       ,416           ,36.562          ,0.000         ,0.000               ,0.000               ,0.000           ,0.00000           ,0.00000               
10:08:42.035523     ,0.000       ,0.000       ,0.000       ,21.030      ,20.958      ,20.928      ,0.031       ,0.000       ,0.000       ,0.00038       ,416           ,36.562          ,0.000         ,0.000               ,0.000               ,0.000           ,0.00000           ,0.00000               
10:08:42.055491     ,0.000       ,0.000       ,0.000       ,21.020      ,20.945      ,20.928      ,0.018       ,0.000       ,0.000       ,0.00038       ,416           ,36.562          ,0.000         ,0.000               ,0.000               ,0.000           ,0.00000           ,0.00000               
10:08:42.075448     ,0.000       ,0.000       ,0.000       ,21.060      ,21.103      ,20.928      ,0.175       ,0.000       ,0.000       ,0.00038       ,416           ,36.562          ,0.000         ,0.000               ,0.000               ,0.000           ,0.00000           ,0.00000               
10:08:42.095456     ,0.000       ,0.000       ,0.000       ,20.970      ,21.060      ,20.928      ,0.133       ,0.000       ,0.000       ,0.00038       ,416           ,36.562          ,0.000         ,0.000               ,0.000               ,0.000           ,0.00000           ,0.00000               
10:08:42.115574     ,0.000       ,0.000       ,0.000       ,20.900      ,20.892      ,20.928      ,-0.036      ,0.000       ,0.000       ,0.00038       ,416           ,36.562          ,0.000         ,0.000               ,0.000               ,0.000           ,0.00000           ,0.00000               
10:08:42.135522     ,0.000       ,0.000       ,0.000       ,20.900      ,20.808      ,20.928      ,-0.120      ,0.000       ,0.000       ,0.00038       ,416           ,36.562          ,0.000         ,0.000               ,0.000               ,0.000           ,0.00000           ,0.00000               
10:08:42.155493     ,0.000       ,0.000       ,0.000       ,20.950      ,20.923      ,20.928      ,-0.004      ,0.000       ,0.000       ,0.00038       ,416           ,36.562          ,0.000         ,0.000               ,0.000               ,0.000           ,0.00000           ,0.00000               
10:08:42.175494     ,0.000       ,0.000       ,0.000       ,20.950      ,21.031      ,20.928      ,0.103       ,0.000       ,0.000       ,0.00038       ,416           ,36.562          ,0.000         ,0.000               ,0.000               ,0.000           ,0.00000           ,0.00000               
10:08:42.195445     ,0.000       ,0.000       ,0.000       ,20.870      ,20.927      ,20.928      ,-0.001      ,0.000       ,0.000       ,0.00038       ,416           ,36.562          ,0.000         ,0.000               ,0.000               ,0.000           ,0.00000           ,0.00000               
10:08:42.215574     ,0.000       ,0.000       ,0.000       ,20.870      ,20.812      ,20.928      ,-0.116      ,0.000       ,0.000       ,0.00038       ,416           ,36.562          ,0.000         ,0.000               ,0.000               ,0.000           ,0.00000           ,0.00000               
10:08:42.235569     ,0.000       ,0.000       ,0.000       ,20.910      ,20.832      ,20.928      ,-0.096      ,0.000       ,0.000       ,0.00038       ,416           ,36.562          ,0.000         ,0.000               ,0.000               ,0.000           ,0.00000           ,0.00000               
10:08:42.255521     ,0.000       ,0.000       ,0.000       ,20.900      ,20.929      ,20.928      ,0.001       ,0.000       ,0.000       ,0.00038       ,416           ,36.562          ,0.000         ,0.000               ,0.000               ,0.000           ,0.00000           ,0.00000               
10:08:42.275495     ,0.000       ,0.000       ,0.000       ,20.830      ,20.919      ,20.928      ,-0.009      ,0.000       ,0.000       ,0.00038       ,416           ,36.562          ,0.000         ,0.000               ,0.000               ,0.000           ,0.00000           ,0.00000               
10:08:42.295446     ,0.000       ,0.000       ,0.000       ,20.780      ,20.785      ,20.928      ,-0.142      ,0.000       ,0.000       ,0.00038       ,416           ,36.562          ,0.000         ,0.000               ,0.000               ,0.000           ,0.00000           ,0.00000               
10:08:42.315407     ,0.000       ,0.000       ,0.000       ,20.780      ,20.695      ,20.928      ,-0.233      ,0.000       ,0.000       ,0.00038       ,416           ,36.562          ,0.000         ,0.000               ,0.000               ,0.000           ,0.00000           ,0.00000               
10:08:42.335580     ,0.000       ,0.000       ,0.000       ,20.870      ,20.832      ,20.928      ,-0.095      ,0.000       ,0.000       ,0.00038       ,416           ,36.562          ,0.000         ,0.000               ,0.000               ,0.000           ,0.00000           ,0.00000               
10:08:42.355562     ,0.000       ,0.000       ,0.000       ,20.950      ,21.020      ,20.928      ,0.092       ,0.000       ,0.000       ,0.00038       ,416           ,36.562          ,0.000         ,0.000               ,0.000               ,0.000           ,0.00000           ,0.00000               
10:08:42.375536     ,0.000       ,0.000       ,0.000       ,21.030      ,21.092      ,20.928      ,0.165       ,0.000       ,0.000       ,0.00038       ,416           ,36.562          ,0.000         ,0.000               ,0.000               ,0.000           ,0.00000           ,0.00000               
10:08:42.395635     ,0.000       ,0.000       ,0.000       ,21.020      ,20.974      ,20.928      ,0.046       ,0.000       ,0.000       ,0.00038       ,416           ,36.562          ,0.000         ,0.000               ,0.000               ,0.000           ,0.00000           ,0.00000               
10:08:42.415626     ,0.000       ,0.000       ,0.000       ,21.040      ,20.961      ,20.928      ,0.033       ,0.000       ,0.000       ,0.00038       ,416           ,36.562          ,0.000         ,0.000               ,0.000               ,0.000           ,0.00000           ,0.00000               
10:08:42.435638     ,0.000       ,0.000       ,0.000       ,21.010      ,21.026      ,20.928      ,0.099       ,0.000       ,0.000       ,0.00054       ,418           ,36.738          ,0.000         ,0.000               ,0.000               ,0.000           ,0.00000           ,0.00000               
10:08:42.455563     ,0.000       ,0.000       ,0.000       ,22.690      ,22.766      ,20.928      ,1.838       ,0.000       ,0.000       ,0.00092       ,423           ,37.178          ,0.000         ,0.000               ,0.000               ,0.000           ,0.00000           ,0.00000               
10:08:42.475538     ,0.000       ,0.000       ,0.000       ,23.280      ,23.281      ,20.928      ,2.353       ,0.000       ,0.000       ,0.00138       ,429           ,37.705          ,0.000         ,0.000               ,0.000               ,0.000           ,0.00000           ,0.00000               
10:08:42.495476     ,0.000       ,0.000       ,0.000       ,21.930      ,21.859      ,20.928      ,0.931       ,0.000       ,0.000       ,0.00192       ,436           ,38.320          ,0.000         ,0.000               ,0.000               ,0.000           ,0.00000           ,0.00000               
10:08:42.515656     ,0.000       ,0.000       ,0.000       ,20.650      ,20.636      ,20.928      ,-0.292      ,0.000       ,0.000       ,0.00230       ,441           ,38.760          ,0.000         ,0.000               ,0.000               ,0.000           ,0.00000           ,0.00000               
10:08:42.535620     ,0.000       ,0.000       ,0.000       ,19.620      ,19.697      ,20.928      ,-1.231      ,0.000       ,0.000       ,0.00276       ,447           ,39.287          ,0.000         ,0.000               ,0.000               ,0.000           ,0.00000           ,0.00000               
10:08:42.555558     ,0.000       ,0.000       ,0.000       ,21.980      ,22.016      ,20.928      ,1.089       ,0.000       ,0.000       ,0.00307       ,451           ,39.639          ,0.000         ,0.000               ,0.000               ,0.000           ,0.00000           ,0.00000               
10:08:42.575540     ,0.000       ,0.000       ,0.000       ,22.330      ,22.254      ,20.928      ,1.327       ,0.000       ,0.000       ,0.00322       ,453           ,39.814          ,0.000         ,0.000               ,0.000               ,0.000           ,0.00000           ,0.00000               
10:08:42.595674     ,0.000       ,0.000       ,0.000       ,20.600      ,20.543      ,20.928      ,-0.385      ,0.000       ,0.000       ,0.00330       ,454           ,39.902          ,0.000         ,0.000               ,0.000               ,0.000           ,0.00000           ,0.00000               
10:08:42.615463     ,0.000       ,0.000       ,0.000       ,20.480      ,20.543      ,20.928      ,-0.385      ,0.000       ,0.000       ,0.00330       ,454           ,39.902          ,0.000         ,0.000               ,0.000               ,0.000           ,0.00000           ,0.00000               
10:08:42.635636     ,0.000       ,0.000       ,0.000       ,20.830      ,20.909      ,20.928      ,-0.019      ,0.000       ,0.000       ,0.00330       ,454           ,39.902          ,0.000         ,0.000               ,0.000               ,0.000           ,0.00000           ,0.00000               
10:08:42.655614     ,0.000       ,0.000       ,0.000       ,22.560      ,22.517      ,20.928      ,1.589       ,0.000       ,0.000       ,0.00330       ,454           ,39.902          ,0.000         ,0.000               ,0.000               ,0.000           ,0.00000           ,0.00000               
10:08:42.675564     ,0.000       ,0.000       ,0.000       ,21.630      ,21.532      ,20.928      ,0.604       ,0.000       ,0.000       ,0.00314       ,452           ,39.727          ,0.000         ,0.000               ,0.000               ,0.000           ,0.00000           ,0.00000               
10:08:42.695524     ,0.000       ,0.000       ,0.000       ,20.130      ,20.148      ,20.928      ,-0.779      ,0.000       ,0.000       ,0.00307       ,451           ,39.639          ,0.000         ,0.000               ,0.000               ,0.000           ,0.00000           ,0.00000               
10:08:42.715469     ,0.000       ,0.000       ,0.000       ,20.540      ,20.650      ,20.928      ,-0.278      ,0.000       ,0.000       ,0.00284       ,448           ,39.375          ,0.000         ,0.000               ,0.000               ,0.000           ,0.00000           ,0.00000               
10:08:42.735647     ,0.000       ,0.000       ,0.000       ,21.320      ,21.337      ,20.928      ,0.409       ,0.000       ,0.000       ,0.00268       ,446           ,39.199          ,0.000         ,0.000               ,0.000               ,0.000           ,0.00000           ,0.00000               
10:08:42.755615     ,0.000       ,0.000       ,0.000       ,21.680      ,21.572      ,20.928      ,0.644       ,0.000       ,0.000       ,0.00238       ,442           ,38.848          ,0.000         ,0.000               ,0.000               ,0.000           ,0.00000           ,0.00000               
10:08:42.775582     ,0.000       ,0.000       ,0.000       ,20.460      ,20.407      ,20.928      ,-0.520      ,0.000       ,0.000       ,0.00207       ,438           ,38.496          ,0.000         ,0.000               ,0.000               ,0.000           ,0.00000           ,0.00000               
10:08:42.795737     ,0.000       ,0.000       ,0.000       ,19.810      ,19.907      ,20.928      ,-1.021      ,0.000       ,0.000       ,0.00184       ,435           ,38.232          ,0.000         ,0.000               ,0.000               ,0.000           ,0.00000           ,0.00000               
10:08:42.815632     ,0.000       ,0.000       ,0.000       ,21.030      ,21.115      ,20.928      ,0.188       ,0.000       ,0.000       ,0.00161       ,432           ,37.969          ,0.000         ,0.000               ,0.000               ,0.000           ,0.00000           ,0.00000               
10:08:42.835677     ,0.000       ,0.000       ,0.000       ,21.480      ,21.408      ,20.928      ,0.480       ,0.000       ,0.000       ,0.00130       ,428           ,37.617          ,0.000         ,0.000               ,0.000               ,0.000           ,0.00000           ,0.00000               
10:08:42.855637     ,0.000       ,0.000       ,0.000       ,21.020      ,20.909      ,20.928      ,-0.019      ,0.000       ,0.000       ,0.00100       ,424           ,37.266          ,0.000         ,0.000               ,0.000               ,0.000           ,0.00000           ,0.00000               
10:08:42.875575     ,0.000       ,0.000       ,0.000       ,20.060      ,20.097      ,20.928      ,-0.831      ,0.000       ,0.000       ,0.00077       ,421           ,37.002          ,0.000         ,0.000               ,0.000               ,0.000           ,0.00000           ,0.00000               
10:08:42.895529     ,0.000       ,0.000       ,0.000       ,20.370      ,20.497      ,20.928      ,-0.430      ,0.000       ,0.000       ,0.00061       ,419           ,36.826          ,0.000         ,0.000               ,0.000               ,0.000           ,0.00000           ,0.00000               
10:08:42.915489     ,0.000       ,0.000       ,0.000       ,21.550      ,21.553      ,20.928      ,0.626       ,0.000       ,0.000       ,0.00038       ,416           ,36.562          ,0.000         ,0.000               ,0.000               ,0.000           ,0.00000           ,0.00000               
10:08:42.935699     ,0.000       ,0.000       ,0.000       ,21.300      ,21.171      ,20.928      ,0.243       ,0.000       ,0.000       ,0.00023       ,414           ,36.387          ,0.000         ,0.000               ,0.000               ,0.000           ,0.00000           ,0.00000               
10:08:42.955595     ,0.000       ,0.000       ,0.000       ,20.530      ,20.483      ,20.928      ,-0.444      ,0.000       ,0.000       ,0.00015       ,413           ,36.299          ,0.000         ,0.000               ,0.000               ,0.000           ,0.00000           ,0.00000               
10:08:42.975537     ,0.000       ,0.000       ,0.000       ,20.190      ,20.306      ,20.928      ,-0.621      ,0.000       ,0.000       ,0.00008       ,412           ,36.211          ,0.000         ,0.000               ,0.000               ,0.000           ,0.00000           ,0.00000               
10:08:42.995509     ,0.000       ,0.000       ,0.000       ,20.890      ,20.978      ,20.928      ,0.050       ,0.000       ,0.000       ,0.00008       ,412           ,36.211          ,0.000         ,0.000               ,0.000               ,0.000           ,0.00000           ,0.00000               
10:08:43.015679     ,0.000       ,0.000       ,0.000       ,21.490      ,21.401      ,20.928      ,0.474       ,0.000       ,0.000       ,0.00008       ,412           ,36.211          ,0.000         ,0.000               ,0.000               ,0.000           ,0.00000           ,0.00000               
10:08:43.035456     ,0.000       ,0.000       ,0.000       ,20.830      ,20.710      ,20.928      ,-0.217      ,0.000       ,0.000       ,0.00008       ,412           ,36.211          ,0.000         ,0.000               ,0.000               ,0.000           ,0.00000           ,0.00000               
10:08:43.055640     ,0.000       ,0.000       ,0.000       ,20.540      ,20.588      ,20.928      ,-0.339      ,0.000       ,0.000       ,0.00008       ,412           ,36.211          ,0.000         ,0.000               ,0.000               ,0.000           ,0.00000           ,0.00000               
10:08:43.075634     ,0.000       ,0.000       ,0.000       ,20.840      ,20.976      ,20.928      ,0.049       ,0.000       ,0.000       ,0.00008       ,412           ,36.211          ,0.000         ,0.000               ,0.000               ,0.000           ,0.00000           ,0.00000               
10:08:43.095538     ,0.000       ,0.000       ,0.000       ,21.480      ,21.478      ,20.928      ,0.551       ,0.000       ,0.000       ,0.00008       ,412           ,36.211          ,0.000         ,0.000               ,0.000               ,0.000           ,0.00000           ,0.00000               
10:08:43.115509     ,0.000       ,0.000       ,0.000       ,21.340      ,21.202      ,20.928      ,0.274       ,0.000       ,0.000       ,0.00008       ,412           ,36.211          ,0.000         ,0.000               ,0.000               ,0.000           ,0.00000           ,0.00000               
10:08:43.135469     ,0.000       ,0.000       ,0.000       ,20.600      ,20.554      ,20.928      ,-0.373      ,0.000       ,0.000       ,0.00015       ,413           ,36.299          ,0.000         ,0.000               ,0.000               ,0.000           ,0.00000           ,0.00000               
10:08:43.155419     ,0.000       ,0.000       ,0.000       ,20.810      ,20.932      ,20.928      ,0.005       ,0.000       ,0.000       ,0.00015       ,413           ,36.299          ,0.000         ,0.000               ,0.000               ,0.000           ,0.00000           ,0.00000               
10:08:43.176281     ,0.000       ,0.000       ,0.000       ,21.250      ,21.337      ,20.928      ,0.410       ,0.000       ,0.000       ,0.00023       ,414           ,36.387          ,0.000         ,0.000               ,0.000               ,0.000           ,0.00000           ,0.00000               
10:08:43.195541     ,0.000       ,0.000       ,0.000       ,21.390      ,21.299      ,20.928      ,0.371       ,0.000       ,0.000       ,0.00023       ,414           ,36.387          ,0.000         ,0.000               ,0.000               ,0.000           ,0.00000           ,0.00000               
10:08:43.215512     ,0.000       ,0.000       ,0.000       ,20.910      ,20.791      ,20.928      ,-0.137      ,0.000       ,0.000       ,0.00023       ,414           ,36.387          ,0.000         ,0.000               ,0.000               ,0.000           ,0.00000           ,0.00000               
10:08:43.235630     ,0.000       ,0.000       ,0.000       ,20.510      ,20.560      ,20.928      ,-0.367      ,0.000       ,0.000       ,0.00023       ,414           ,36.387          ,0.000         ,0.000               ,0.000               ,0.000           ,0.00000           ,0.00000               
10:08:43.255627     ,0.000       ,0.000       ,0.000       ,20.870      ,21.007      ,20.928      ,0.079       ,0.000       ,0.000       ,0.00023       ,414           ,36.387          ,0.000         ,0.000               ,0.000               ,0.000           ,0.00000           ,0.00000               
10:08:43.275593     ,0.000       ,0.000       ,0.000       ,21.070      ,21.068      ,20.928      ,0.141       ,0.000       ,0.000       ,0.00023       ,414           ,36.387          ,0.000         ,0.000               ,0.000               ,0.000           ,0.00000           ,0.00000               
10:08:43.295573     ,0.000       ,0.000       ,0.000       ,20.810      ,20.674      ,20.928      ,-0.253      ,0.000       ,0.000       ,0.00023       ,414           ,36.387          ,0.000         ,0.000               ,0.000               ,0.000           ,0.00000           ,0.00000               
10:08:43.315516     ,0.000       ,0.000       ,0.000       ,20.480      ,20.434      ,20.928      ,-0.494      ,0.000       ,0.000       ,0.00023       ,414           ,36.387          ,0.000         ,0.000               ,0.000               ,0.000           ,0.00000           ,0.00000               
10:08:43.335520     ,0.000       ,0.000       ,0.000       ,20.660      ,20.778      ,20.928      ,-0.150      ,0.000       ,0.000       ,0.00023       ,414           ,36.387          ,0.000         ,0.000               ,0.000               ,0.000           ,0.00000           ,0.00000               
10:08:43.355506     ,0.000       ,0.000       ,0.000       ,21.150      ,21.236      ,20.928      ,0.309       ,0.000       ,0.000       ,0.00023       ,414           ,36.387          ,0.000         ,0.000               ,0.000               ,0.000           ,0.00000           ,0.00000               
10:08:43.375647     ,0.000       ,0.000       ,0.000       ,21.100      ,21.013      ,20.928      ,0.085       ,0.000       ,0.000       ,0.00023       ,414           ,36.387          ,0.000         ,0.000               ,0.000               ,0.000           ,0.00000           ,0.00000               
10:08:43.395555     ,0.000       ,0.000       ,0.000       ,20.930      ,20.813      ,20.928      ,-0.114      ,0.000       ,0.000       ,0.00023       ,414           ,36.387          ,0.000         ,0.000               ,0.000               ,0.000           ,0.00000           ,0.00000               
10:08:43.415531     ,0.000       ,0.000       ,0.000       ,20.830      ,20.874      ,20.928      ,-0.054      ,0.000       ,0.000       ,0.00023       ,414           ,36.387          ,0.000         ,0.000               ,0.000               ,0.000           ,0.00000           ,0.00000               
10:08:43.435508     ,0.000       ,0.000       ,0.000       ,21.070      ,21.201      ,20.928      ,0.274       ,0.000       ,0.000       ,0.00023       ,414           ,36.387          ,0.000         ,0.000               ,0.000               ,0.000           ,0.00000           ,0.00000               
10:08:43.455689     ,0.000       ,0.000       ,0.000       ,21.150      ,21.154      ,20.928      ,0.226       ,0.000       ,0.000       ,0.00023       ,414           ,36.387          ,0.000         ,0.000               ,0.000               ,0.000           ,0.00000           ,0.00000               
10:08:43.475419     ,0.000       ,0.000       ,0.000       ,20.920      ,20.792      ,20.928      ,-0.135      ,0.000       ,0.000       ,0.00023       ,414           ,36.387          ,0.000         ,0.000               ,0.000               ,0.000           ,0.00000           ,0.00000               
10:08:43.495585     ,0.000       ,0.000       ,0.000       ,20.750      ,20.701      ,20.928      ,-0.227      ,0.000       ,0.000       ,0.00023       ,414           ,36.387          ,0.000         ,0.000               ,0.000               ,0.000           ,0.00000           ,0.00000               
10:08:43.515545     ,0.000       ,0.000       ,0.000       ,20.910      ,21.018      ,20.928      ,0.090       ,0.000       ,0.000       ,0.00023       ,414           ,36.387          ,0.000         ,0.000               ,0.000               ,0.000           ,0.00000           ,0.00000               
10:08:43.535506     ,0.000       ,0.000       ,0.000       ,21.060      ,21.148      ,20.928      ,0.220       ,0.000       ,0.000       ,0.00023       ,414           ,36.387          ,0.000         ,0.000               ,0.000               ,0.000           ,0.00000           ,0.00000               
10:08:43.555490     ,0.000       ,0.000       ,0.000       ,21.020      ,20.945      ,20.928      ,0.018       ,0.000       ,0.000       ,0.00031       ,415           ,36.475          ,0.000         ,0.000               ,0.000               ,0.000           ,0.00000           ,0.00000               
10:08:43.575446     ,0.000       ,0.000       ,0.000       ,20.860      ,20.746      ,20.928      ,-0.181      ,0.000       ,0.000       ,0.00031       ,415           ,36.475          ,0.000         ,0.000               ,0.000               ,0.000           ,0.00000           ,0.00000               
10:08:43.595637     ,0.000       ,0.000       ,0.000       ,20.950      ,20.982      ,20.928      ,0.054       ,0.000       ,0.000       ,0.00031       ,415           ,36.475          ,0.000         ,0.000               ,0.000               ,0.000           ,0.00000           ,0.00000               
10:08:43.615547     ,0.000       ,0.000       ,0.000       ,21.080      ,21.203      ,20.928      ,0.276       ,0.000       ,0.000       ,0.00031       ,415           ,36.475          ,0.000         ,0.000               ,0.000               ,0.000           ,0.00000           ,0.00000               
10:08:43.635516     ,0.000       ,0.000       ,0.000       ,21.030      ,21.044      ,20.928      ,0.116       ,0.000       ,0.000       ,0.00031       ,415           ,36.475          ,0.000         ,0.000               ,0.000               ,0.000           ,0.00000           ,0.00000               
10:08:43.655464     ,0.000       ,0.000       ,0.000       ,20.870      ,20.754      ,20.928      ,-0.173      ,0.000       ,0.000       ,0.00031       ,415           ,36.475          ,0.000         ,0.000               ,0.000               ,0.000           ,0.00000           ,0.00000               
10:08:43.675638     ,0.000       ,0.000       ,0.000       ,20.850      ,20.794      ,20.928      ,-0.134      ,0.000       ,0.000       ,0.00031       ,415           ,36.475          ,0.000         ,0.000               ,0.000               ,0.000           ,0.00000           ,0.00000               
10:08:43.695587     ,0.000       ,0.000       ,0.000       ,20.900      ,20.994      ,20.928      ,0.066       ,0.000       ,0.000       ,0.00031       ,415           ,36.475          ,0.000         ,0.000               ,0.000               ,0.000           ,0.00000           ,0.00000               
10:08:43.715552     ,0.000       ,0.000       ,0.000       ,20.910      ,21.000      ,20.928      ,0.073       ,0.000       ,0.000       ,0.00031       ,415           ,36.475          ,0.000         ,0.000               ,0.000               ,0.000           ,0.00000           ,0.00000               
10:08:43.735519     ,0.000       ,0.000       ,0.000       ,20.750      ,20.692      ,20.928      ,-0.236      ,0.000       ,0.000       ,0.00031       ,415           ,36.475          ,0.000         ,0.000               ,0.000               ,0.000           ,0.00000           ,0.00000               
10:08:43.755474     ,0.000       ,0.000       ,0.000       ,20.720      ,20.610      ,20.928      ,-0.318      ,0.000       ,0.000       ,0.00023       ,414           ,36.387          ,0.000         ,0.000               ,0.000               ,0.000           ,0.00000           ,0.00000               
10:08:43.775469     ,0.000       ,0.000       ,0.000       ,20.850      ,20.866      ,20.928      ,-0.061      ,0.000       ,0.000       ,0.00023       ,414           ,36.387          ,0.000         ,0.000               ,0.000               ,0.000           ,0.00000           ,0.00000               
10:08:43.795587     ,0.000       ,0.000       ,0.000       ,20.960      ,21.074      ,20.928      ,0.146       ,0.000       ,0.000       ,0.00023       ,414           ,36.387          ,0.000         ,0.000               ,0.000               ,0.000           ,0.00000           ,0.00000               
10:08:43.815546     ,0.000       ,0.000       ,0.000       ,20.970      ,20.996      ,20.928      ,0.068       ,0.000       ,0.000       ,0.00023       ,414           ,36.387          ,0.000         ,0.000               ,0.000               ,0.000           ,0.00000           ,0.00000               
10:08:43.835546     ,0.000       ,0.000       ,0.000       ,20.930      ,20.827      ,20.928      ,-0.101      ,0.000       ,0.000       ,0.00023       ,414           ,36.387          ,0.000         ,0.000               ,0.000               ,0.000           ,0.00000           ,0.00000               
10:08:43.855732     ,0.000       ,0.000       ,0.000       ,21.000      ,20.936      ,20.928      ,0.008       ,0.000       ,0.000       ,0.00023       ,414           ,36.387          ,0.000         ,0.000               ,0.000               ,0.000           ,0.00000           ,0.00000               
10:08:43.875475     ,0.000       ,0.000       ,0.000       ,21.090      ,21.167      ,20.928      ,0.240       ,0.000       ,0.000       ,0.00023       ,414           ,36.387          ,0.000         ,0.000               ,0.000               ,0.000           ,0.00000           ,0.00000               
10:08:43.895636     ,0.000       ,0.000       ,0.000       ,21.040      ,21.132      ,20.928      ,0.204       ,0.000       ,0.000       ,0.00023       ,414           ,36.387          ,0.000         ,0.000               ,0.000               ,0.000           ,0.00000           ,0.00000               
10:08:43.915604     ,0.000       ,0.000       ,0.000       ,20.980      ,20.938      ,20.928      ,0.011       ,0.000       ,0.000       ,0.00023       ,414           ,36.387          ,0.000         ,0.000               ,0.000               ,0.000           ,0.00000           ,0.00000               
10:08:43.935542     ,0.000       ,0.000       ,0.000       ,20.980      ,20.874      ,20.928      ,-0.054      ,0.000       ,0.000       ,0.00023       ,414           ,36.387          ,0.000         ,0.000               ,0.000               ,0.000           ,0.00000           ,0.00000               
10:08:43.955510     ,0.000       ,0.000       ,0.000       ,21.080      ,21.081      ,20.928      ,0.153       ,0.000       ,0.000       ,0.00023       ,414           ,36.387          ,0.000         ,0.000               ,0.000               ,0.000           ,0.00000           ,0.00000               
10:08:43.975637     ,0.000       ,0.000       ,0.000       ,21.070      ,21.175      ,20.928      ,0.248       ,0.000       ,0.000       ,0.00023       ,414           ,36.387          ,0.000         ,0.000               ,0.000               ,0.000           ,0.00000           ,0.00000               
10:08:43.995422     ,0.000       ,0.000       ,0.000       ,21.000      ,21.039      ,20.928      ,0.111       ,0.000       ,0.000       ,0.00023       ,414           ,36.387          ,0.000         ,0.000               ,0.000               ,0.000           ,0.00000           ,0.00000               
10:08:44.015593     ,0.000       ,0.000       ,0.000       ,20.920      ,20.831      ,20.928      ,-0.097      ,0.000       ,0.000       ,0.00023       ,414           ,36.387          ,0.000         ,0.000               ,0.000               ,0.000           ,0.00000           ,0.00000               
10:08:44.035542     ,0.000       ,0.000       ,0.000       ,20.950      ,20.879      ,20.928      ,-0.049      ,0.000       ,0.000       ,0.00023       ,414           ,36.387          ,0.000         ,0.000               ,0.000               ,0.000           ,0.00000           ,0.00000               
10:08:44.055513     ,0.000       ,0.000       ,0.000       ,20.980      ,21.041      ,20.928      ,0.114       ,0.000       ,0.000       ,0.00023       ,414           ,36.387          ,0.000         ,0.000               ,0.000               ,0.000           ,0.00000           ,0.00000               
10:08:44.075473     ,0.000       ,0.000       ,0.000       ,21.020      ,21.113      ,20.928      ,0.185       ,0.000       ,0.000       ,0.00023       ,414           ,36.387          ,0.000         ,0.000               ,0.000               ,0.000           ,0.00000           ,0.00000               
10:08:44.095644     ,0.000       ,0.000       ,0.000       ,21.020      ,20.994      ,20.928      ,0.066       ,0.000       ,0.000       ,0.00023       ,414           ,36.387          ,0.000         ,0.000               ,0.000               ,0.000           ,0.00000           ,0.00000               
10:08:44.115660     ,0.000       ,0.000       ,0.000       ,21.020      ,20.918      ,20.928      ,-0.009      ,0.000       ,0.000       ,0.00023       ,414           ,36.387          ,0.000         ,0.000               ,0.000               ,0.000           ,0.00000           ,0.00000               
10:08:44.135543     ,0.000       ,0.000       ,0.000       ,20.960      ,20.948      ,20.928      ,0.021       ,0.000       ,0.000       ,0.00023       ,414           ,36.387          ,0.000         ,0.000               ,0.000               ,0.000           ,0.00000           ,0.00000               
10:08:44.155514     ,0.000       ,0.000       ,0.000       ,20.870      ,20.967      ,20.928      ,0.040       ,0.000       ,0.000       ,0.00023       ,414           ,36.387          ,0.000         ,0.000               ,0.000               ,0.000           ,0.00000           ,0.00000               
10:08:44.175515     ,0.000       ,0.000       ,0.000       ,20.790      ,20.839      ,20.928      ,-0.089      ,0.000       ,0.000       ,0.00023       ,414           ,36.387          ,0.000         ,0.000               ,0.000               ,0.000           ,0.00000           ,0.00000               
10:08:44.195494     ,0.000       ,0.000       ,0.000       ,20.840      ,20.762      ,20.928      ,-0.165      ,0.000       ,0.000       ,0.00023       ,414           ,36.387          ,0.000         ,0.000               ,0.000               ,0.000           ,0.00000           ,0.00000               
10:08:44.215596     ,0.000       ,0.000       ,0.000       ,20.900      ,20.822      ,20.928      ,-0.105      ,0.000       ,0.000       ,0.00023       ,414           ,36.387          ,0.000         ,0.000               ,0.000               ,0.000           ,0.00000           ,0.00000               
10:08:44.235551     ,0.000       ,0.000       ,0.000       ,20.910      ,20.958      ,20.928      ,0.030       ,0.000       ,0.000       ,0.00023       ,414           ,36.387          ,0.000         ,0.000               ,0.000               ,0.000           ,0.00000           ,0.00000               
10:08:44.255520     ,0.000       ,0.000       ,0.000       ,20.910      ,21.005      ,20.928      ,0.077       ,0.000       ,0.000       ,0.00023       ,414           ,36.387          ,0.000         ,0.000               ,0.000               ,0.000           ,0.00000           ,0.00000               
10:08:44.275519     ,0.000       ,0.000       ,0.000       ,20.910      ,20.898      ,20.928      ,-0.030      ,0.000       ,0.000       ,0.00023       ,414           ,36.387          ,0.000         ,0.000               ,0.000               ,0.000           ,0.00000           ,0.00000               
10:08:44.295469     ,0.000       ,0.000       ,0.000       ,20.950      ,20.852      ,20.928      ,-0.076      ,0.000       ,0.000       ,0.00023       ,414           ,36.387          ,0.000         ,0.000               ,0.000               ,0.000           ,0.00000           ,0.00000               
10:08:44.315602     ,0.000       ,0.000       ,0.000       ,20.970      ,20.945      ,20.928      ,0.017       ,0.000       ,0.000       ,0.00023       ,414           ,36.387          ,0.000         ,0.000               ,0.000               ,0.000           ,0.00000           ,0.00000               
